"filename", "language", "JSON", "Go", "comment", "blank", "total"
"d:\Cat_Codes\ChatProject\server\AIServer\eino\eino_agent.json", "JSON", 1465, 0, 0, 0, 1465
"d:\Cat_Codes\ChatProject\server\AIServer\eino\einoagent\embedding.go", "Go", 0, 18, 16, 5, 39
"d:\Cat_Codes\ChatProject\server\AIServer\eino\einoagent\flow.go", "Go", 0, 30, 17, 5, 52
"d:\Cat_Codes\ChatProject\server\AIServer\eino\einoagent\lambda_func.go", "Go", 0, 15, 17, 5, 37
"d:\Cat_Codes\ChatProject\server\AIServer\eino\einoagent\model.go", "Go", 0, 18, 16, 5, 39
"d:\Cat_Codes\ChatProject\server\AIServer\eino\einoagent\orchestration.go", "Go", 0, 45, 15, 5, 65
"d:\Cat_Codes\ChatProject\server\AIServer\eino\einoagent\prompt.go", "Go", 0, 48, 17, 13, 78
"d:\Cat_Codes\ChatProject\server\AIServer\eino\einoagent\retriever.go", "Go", 0, 58, 17, 7, 82
"d:\Cat_Codes\ChatProject\server\AIServer\eino\einoagent\tools_node.go", "Go", 0, 68, 15, 16, 99
"d:\Cat_Codes\ChatProject\server\AIServer\eino\einoagent\types.go", "Go", 0, 7, 15, 4, 26
"d:\Cat_Codes\ChatProject\server\AIServer\eino\knowledge_indexing.json", "JSON", 512, 0, 0, 0, 512
"d:\Cat_Codes\ChatProject\server\AIServer\eino\knowledgeindexing\embedding.go", "Go", 0, 19, 16, 5, 40
"d:\Cat_Codes\ChatProject\server\AIServer\eino\knowledgeindexing\indexer.go", "Go", 0, 59, 17, 11, 87
"d:\Cat_Codes\ChatProject\server\AIServer\eino\knowledgeindexing\loader.go", "Go", 0, 14, 17, 5, 36
"d:\Cat_Codes\ChatProject\server\AIServer\eino\knowledgeindexing\orchestration.go", "Go", 0, 38, 15, 6, 59
"d:\Cat_Codes\ChatProject\server\AIServer\eino\knowledgeindexing\transformer.go", "Go", 0, 18, 17, 5, 40
"Total", "-", 1977, 455, 227, 97, 2756